City_ID,City,Country,Date,Lat,Lng,Max Temp,Humidity,Cloudiness,Wind Speed
0,Chokurdakh,RU,2020-02-21 23:38:03,70.63,147.92,-21.24,97,34,2.21
1,Hermanus,ZA,2020-02-21 23:40:00,-34.42,19.23,68.0,83,53,5.01
2,Rikitea,PF,2020-02-21 23:40:00,-23.12,-134.97,79.11,61,33,5.03
3,Barrow,US,2020-02-21 23:40:01,71.29,-156.79,-9.4,76,90,10.29
4,Chato,TZ,2020-02-21 23:40:01,-2.64,31.77,73.26,77,75,8.25
5,Dunedin,NZ,2020-02-21 23:38:38,-45.87,170.5,57.0,72,100,13.0
6,The Valley,AI,2020-02-21 23:40:02,18.22,-63.06,77.0,69,40,6.93
7,Bubaque,GW,2020-02-21 23:35:20,11.28,-15.83,79.59,70,81,13.49
8,Khatanga,RU,2020-02-21 23:37:24,71.97,102.5,-15.83,96,34,8.46
9,Jamestown,US,2020-02-21 23:36:33,42.1,-79.24,30.2,54,1,10.29
10,Hovd,MN,2020-02-21 23:38:19,48.01,91.64,6.24,79,80,1.07
11,Pyryatyn,UA,2020-02-21 23:40:03,50.24,32.51,32.25,78,69,1.07
12,Tuktoyaktuk,CA,2020-02-21 23:40:03,69.45,-133.04,1.4,84,90,10.29
13,Saint-Philippe,RE,2020-02-21 23:40:04,-21.36,55.77,77.0,73,90,4.7
14,Tasiilaq,GL,2020-02-21 23:37:56,65.61,-37.64,15.8,66,97,3.8
15,Thompson,CA,2020-02-21 23:35:06,55.74,-97.86,35.6,51,75,11.41
16,Ust-Nera,RU,2020-02-21 23:40:04,64.57,143.2,-26.37,99,100,2.26
17,Marfino,RU,2020-02-21 23:40:04,55.7,37.38,36.0,94,68,4.47
18,Sao Filipe,CV,2020-02-21 23:37:39,14.9,-24.5,69.08,80,25,18.3
19,Chikwawa,MW,2020-02-21 23:40:05,-16.03,34.8,67.64,93,98,3.11
20,Kruisfontein,ZA,2020-02-21 23:40:05,-34.0,24.73,62.29,93,0,3.56
21,Tokur,RU,2020-02-21 23:40:05,53.13,132.9,-3.86,84,50,1.81
22,Sargatskoye,RU,2020-02-21 23:40:06,55.61,73.5,28.36,96,100,5.57
23,Mataura,NZ,2020-02-21 23:40:06,-46.19,168.86,54.0,76,97,14.0
24,Mandalgovi,MN,2020-02-21 23:37:55,45.76,106.27,8.67,63,0,11.05
25,Yellowknife,CA,2020-02-21 23:40:06,62.46,-114.35,14.0,78,20,12.75
26,Cockburn Town,TC,2020-02-21 23:40:07,21.46,-71.14,77.16,79,1,9.6
27,Tezu,IN,2020-02-21 23:40:07,27.92,96.17,60.08,53,65,2.57
28,Bredasdorp,ZA,2020-02-21 23:40:07,-34.53,20.04,68.0,82,19,3.36
29,Puerto Del Rosario,ES,2020-02-21 23:40:07,28.5,-13.86,64.4,82,20,16.11
30,Elizabeth City,US,2020-02-21 23:35:28,36.29,-76.25,34.0,62,1,11.63
31,Cape Town,ZA,2020-02-21 23:40:02,-33.93,18.42,71.01,88,75,4.7
32,Lafia,NG,2020-02-21 23:40:08,8.48,8.52,80.4,20,0,2.3
33,Muzhi,RU,2020-02-21 23:40:08,65.37,64.67,10.63,79,0,9.82
34,Avarua,CK,2020-02-21 23:40:09,-21.21,-159.78,84.2,83,42,9.17
35,Hailin,CN,2020-02-21 23:40:09,44.58,129.42,22.44,93,100,1.14
36,Albany,US,2020-02-21 23:36:42,42.6,-73.97,28.4,46,1,4.7
37,Tarko-Sale,RU,2020-02-21 23:40:09,64.92,77.78,1.99,87,76,13.82
38,New Norfolk,AU,2020-02-21 23:37:46,-42.78,147.06,68.0,44,80,11.41
39,Marzuq,YE,2020-02-21 23:40:10,14.4,46.47,63.16,46,0,2.48
40,Port Alfred,ZA,2020-02-21 23:37:45,-33.59,26.89,69.01,94,23,3.09
41,Busselton,AU,2020-02-21 23:40:10,-33.65,115.33,75.0,48,100,11.41
42,Mnogovershinnyy,RU,2020-02-21 23:40:10,53.94,139.92,6.49,85,0,4.34
43,Broken Hill,AU,2020-02-21 23:40:11,-31.95,141.43,68.0,40,0,17.22
44,Athni,IN,2020-02-21 23:40:11,16.73,75.07,64.65,57,14,6.82
45,Lorengau,PG,2020-02-21 23:40:11,-2.02,147.27,83.46,74,52,8.86
46,La Romana,DO,2020-02-21 23:40:11,18.43,-68.97,78.8,88,40,9.17
47,Iqaluit,CA,2020-02-21 23:37:26,63.75,-68.51,-32.01,66,5,4.41
48,Ushuaia,AR,2020-02-21 23:40:11,-54.8,-68.3,59.0,71,75,23.04
49,Ribeira Grande,PT,2020-02-21 23:40:12,38.52,-28.7,55.78,84,45,4.85
50,Zambezi,ZM,2020-02-21 23:40:12,-13.54,23.1,67.15,96,95,3.56
51,Utete,TZ,2020-02-21 23:40:12,-7.99,38.76,75.4,95,100,0.49
52,Olafsvik,IS,2020-02-21 23:40:12,64.89,-23.71,31.3,77,100,30.91
53,Torbay,CA,2020-02-21 23:35:14,47.67,-52.73,17.01,56,20,14.99
54,Kapaa,US,2020-02-21 23:39:29,22.08,-159.32,78.8,65,1,18.34
55,Puerto Ayora,EC,2020-02-21 23:39:03,-0.74,-90.35,82.4,74,75,5.82
56,Matara,LK,2020-02-21 23:40:13,5.95,80.54,78.39,76,62,10.07
57,Atuona,PF,2020-02-21 23:38:00,-9.8,-139.03,82.4,72,96,16.73
58,Constitucion,CL,2020-02-21 23:40:14,-35.33,-72.42,54.88,95,0,4.03
59,Punta Arenas,CL,2020-02-21 23:40:14,-53.15,-70.92,62.6,63,75,25.28
60,Bose,IT,2020-02-21 23:40:14,45.46,8.01,46.99,60,62,4.7
61,Opuwo,NA,2020-02-21 23:40:15,-18.06,13.84,69.8,40,93,5.61
62,Dikson,RU,2020-02-21 23:39:17,73.51,80.55,10.56,94,100,19.57
63,Lagoa,PT,2020-02-21 23:38:21,39.05,-27.98,60.31,80,44,7.54
64,Turukhansk,RU,2020-02-21 23:40:15,65.82,87.98,22.39,96,100,6.15
65,Oromocto,CA,2020-02-21 23:40:16,45.84,-66.48,16.0,33,1,8.05
66,Montepuez,MZ,2020-02-21 23:36:25,-13.13,39.0,70.99,97,100,1.54
67,Murgab,TM,2020-02-21 23:39:23,37.5,61.97,41.0,93,0,4.7
68,Qaanaaq,GL,2020-02-21 23:37:36,77.48,-69.36,-19.77,47,83,3.49
69,Cidreira,BR,2020-02-21 23:38:06,-30.18,-50.21,70.39,63,0,26.46
70,Vaini,TO,2020-02-21 23:40:17,-21.2,-175.2,82.4,78,75,12.75
71,Saldanha,ZA,2020-02-21 23:40:17,-33.01,17.94,66.2,77,0,13.87
72,Cherskiy,RU,2020-02-21 23:40:17,68.75,161.3,-17.48,95,100,3.8
73,Merauke,ID,2020-02-21 23:40:17,-8.47,140.33,81.97,82,100,11.16
74,Hobart,AU,2020-02-21 23:39:04,-42.88,147.33,68.0,44,88,11.41
75,East London,ZA,2020-02-21 23:40:18,-33.02,27.91,73.44,86,30,4.34
76,Mount Gambier,AU,2020-02-21 23:40:16,-37.83,140.77,62.6,67,40,9.17
77,Manokwari,ID,2020-02-21 23:40:18,-0.87,134.08,78.87,69,100,3.24
78,Provideniya,RU,2020-02-21 23:40:18,64.38,-173.3,-8.93,76,75,1.07
79,Rabo De Peixe,PT,2020-02-21 23:40:18,37.8,-25.58,50.0,81,20,5.82
80,Chokwe,MZ,2020-02-21 23:40:19,-24.53,32.98,74.53,88,11,3.38
81,Saint-Georges,GD,2020-02-21 23:36:37,12.06,-61.75,78.8,78,20,12.75
82,Port Elizabeth,ZA,2020-02-21 23:40:19,-33.92,25.57,68.0,88,75,11.41
83,Coari,BR,2020-02-21 23:40:19,-4.08,-63.14,76.62,93,58,2.64
84,Nemuro,JP,2020-02-21 23:40:20,43.32,145.57,29.14,77,87,8.19
85,Mach,PK,2020-02-21 23:40:20,29.86,67.33,52.21,40,0,2.59
86,Norman Wells,CA,2020-02-21 23:39:26,65.28,-126.83,12.2,85,90,4.7
87,Rio Grande,BR,2020-02-21 23:37:49,-32.03,-52.1,61.0,75,29,1.01
88,Stokmarknes,NO,2020-02-21 23:40:21,68.56,14.91,39.0,82,100,15.01
89,Altay,CN,2020-02-21 23:40:21,47.87,88.12,17.15,53,17,4.65
90,Bocanda,CI,2020-02-21 23:40:21,7.06,-4.5,80.08,77,81,5.28
91,Ciudad Bolivar,VE,2020-02-21 23:40:21,8.12,-63.55,85.6,47,61,11.86
92,Broome,US,2020-02-21 23:40:21,42.25,-75.83,28.4,38,1,5.82
93,Mahebourg,MU,2020-02-21 23:37:36,-20.41,57.7,78.01,73,40,4.7
94,Port Augusta,AU,2020-02-21 23:40:22,-32.5,137.77,71.01,60,0,5.82
95,Nantucket,US,2020-02-21 23:38:02,41.28,-70.1,27.0,58,1,3.24
96,Pontes E Lacerda,BR,2020-02-21 23:40:22,-15.23,-59.34,73.62,98,93,4.72
97,Mar Del Plata,AR,2020-02-21 23:40:20,-38.0,-57.56,57.99,62,40,13.87
98,Kamenka,RU,2020-02-21 23:37:37,51.32,42.77,32.0,92,100,5.37
99,Whitehorse,CA,2020-02-21 23:39:37,60.72,-135.05,35.6,55,75,5.82
100,Kaitangata,NZ,2020-02-21 23:40:23,-46.28,169.85,55.99,63,97,8.01
101,Hilo,US,2020-02-21 23:40:23,19.73,-155.09,75.0,83,90,8.05
102,Cabo San Lucas,MX,2020-02-21 23:36:45,22.89,-109.91,82.99,53,40,8.05
103,Pangody,RU,2020-02-21 23:40:24,65.85,74.49,0.12,86,20,8.37
104,San Patricio,MX,2020-02-21 23:40:24,19.22,-104.7,80.6,78,20,5.82
105,Bluff,NZ,2020-02-21 23:37:35,-46.6,168.33,54.0,76,87,14.0
106,Laguna,US,2020-02-21 23:40:24,38.42,-121.42,75.2,48,1,8.05
107,Lavrentiya,RU,2020-02-21 23:40:24,65.58,-171.0,-12.91,83,0,2.57
108,Okha,RU,2020-02-21 23:40:25,53.57,142.95,4.95,84,0,4.52
109,Ampanihy,MG,2020-02-21 23:40:25,-24.7,44.75,75.72,77,72,11.52
110,Haputale,LK,2020-02-21 23:40:25,6.77,80.96,65.95,98,100,5.1
111,Hongjiang,CN,2020-02-21 23:40:25,27.11,110.0,47.37,94,100,1.95
112,Palmer,US,2020-02-21 23:40:25,42.16,-72.33,30.2,30,1,6.93
113,Mayo,US,2020-02-21 23:35:58,38.89,-76.51,35.6,42,1,1.92
114,Margate,GB,2020-02-21 23:40:26,51.38,1.39,50.0,76,75,29.97
115,Plettenberg Bay,ZA,2020-02-21 23:40:26,-34.05,23.37,64.09,87,0,4.54
116,Kodiak,US,2020-02-21 23:38:20,57.79,-152.41,26.6,49,75,40.38
117,Matelandia,BR,2020-02-21 23:40:26,-25.24,-54.0,73.4,73,0,20.8
118,Balkhash,KZ,2020-02-21 23:40:27,46.84,74.98,22.37,87,100,4.74
119,Poum,NC,2020-02-21 23:40:27,-20.23,164.02,80.76,77,2,15.95
120,Sakaiminato,JP,2020-02-21 23:40:27,35.55,133.23,50.0,93,90,11.41
121,High Level,CA,2020-02-21 23:40:27,58.52,-117.14,46.4,36,40,9.17
122,Namibe,AO,2020-02-21 23:40:27,-15.2,12.15,76.03,73,98,13.87
123,Aconibe,GQ,2020-02-21 23:40:28,1.3,10.94,70.65,94,100,2.51
124,Bandarbeyla,SO,2020-02-21 23:40:28,9.49,50.81,76.78,73,0,11.03
125,Nikolskoye,RU,2020-02-21 23:38:06,59.7,30.79,39.2,83,90,8.95
126,Kenai,US,2020-02-21 23:40:28,60.55,-151.26,26.01,79,90,10.29
127,Bathsheba,BB,2020-02-21 23:38:26,13.22,-59.52,78.8,69,40,10.29
128,Athabasca,CA,2020-02-21 23:40:29,54.72,-113.29,34.74,83,87,10.36
129,Galesong,ID,2020-02-21 23:40:29,-5.32,119.37,77.0,94,20,5.82
130,Upernavik,GL,2020-02-21 23:37:39,72.79,-56.15,-12.28,96,97,0.89
131,Butaritari,KI,2020-02-21 23:40:29,3.07,172.79,83.73,72,100,7.56
132,Narsaq,GL,2020-02-21 23:40:29,60.92,-46.05,21.2,67,60,2.24
133,Sioux Lookout,CA,2020-02-21 23:40:30,50.1,-91.92,35.6,47,20,6.93
134,Fortuna,US,2020-02-21 23:40:30,40.6,-124.16,54.0,81,1,12.75
135,Melfi,IT,2020-02-21 23:40:30,41.0,15.65,42.8,93,20,6.93
136,Hun,LY,2020-02-21 23:40:30,29.13,15.95,51.6,69,0,3.06
137,Cuyo,PH,2020-02-21 23:40:31,10.85,121.01,78.51,79,21,30.69
138,Georgetown,MY,2020-02-21 23:38:55,5.41,100.34,80.6,83,20,3.36
139,San Cristobal,VE,2020-02-21 23:40:31,7.77,-72.22,84.2,66,40,6.93
140,Rocha,UY,2020-02-21 23:40:31,-34.48,-54.33,56.41,72,96,9.86
141,Anadyr,RU,2020-02-21 23:40:31,64.75,177.48,-14.01,75,1,15.66
142,Oksfjord,NO,2020-02-21 23:40:32,70.24,22.35,35.6,69,75,24.16
143,Hunterville,NZ,2020-02-21 23:40:32,-39.93,175.57,68.0,81,100,5.01
144,Gizo,SB,2020-02-21 23:40:32,-8.1,156.84,81.39,78,60,5.7
145,Ust-Kut,RU,2020-02-21 23:40:32,56.79,105.77,17.26,96,100,4.97
146,Padang,ID,2020-02-21 23:40:32,-0.95,100.35,70.02,82,71,7.99
147,Palauig,PH,2020-02-21 23:40:32,15.44,119.9,74.1,55,0,3.87
148,Lima,PE,2020-02-21 23:38:48,-12.04,-77.03,80.6,65,100,10.29
149,Bongandanga,CD,2020-02-21 23:40:33,1.5,21.05,74.89,72,62,2.28
150,Bilma,NE,2020-02-21 23:40:33,18.69,12.92,65.91,15,98,12.53
151,Longyearbyen,SJ,2020-02-21 23:40:33,78.22,15.64,1.4,64,20,13.87
152,Hithadhoo,MV,2020-02-21 23:37:34,-0.6,73.08,82.62,78,72,8.84
153,Bethel,US,2020-02-21 23:40:34,41.37,-73.41,33.01,30,1,4.54
154,Akyab,MM,2020-02-21 23:40:34,20.15,92.9,66.29,52,0,7.72
155,Kizukuri,JP,2020-02-21 23:40:34,40.81,140.39,37.99,73,75,1.12
156,Den Helder,NL,2020-02-21 23:40:34,52.96,4.76,48.99,81,75,40.26
157,Luderitz,NA,2020-02-21 23:38:19,-26.65,15.16,66.2,82,31,16.11
158,Samfya,ZM,2020-02-21 23:40:35,-11.36,29.56,67.48,95,99,3.56
159,Sayat,TM,2020-02-21 23:40:35,38.78,63.88,46.4,81,90,6.93
160,Marienburg,PL,2020-02-21 23:40:35,54.04,19.03,41.0,80,58,16.11
161,Dunmore Town,BS,2020-02-21 23:40:35,25.5,-76.65,74.43,82,16,20.33
162,Petropavlovsk-Kamchatskiy,RU,2020-02-21 23:40:36,53.05,158.65,5.0,54,30,4.47
163,Portland,US,2020-02-21 23:39:48,45.52,-122.68,59.0,35,40,3.36
164,Alice Springs,AU,2020-02-21 23:36:17,-23.7,133.88,77.0,21,0,13.87
165,Half Moon Bay,US,2020-02-21 23:40:37,37.46,-122.43,72.0,36,75,3.36
166,Segou,ML,2020-02-21 23:40:37,13.43,-6.22,79.29,11,32,10.45
167,Vila Velha,BR,2020-02-21 23:37:23,-20.33,-40.29,80.6,83,75,12.75
168,Kungurtug,RU,2020-02-21 23:37:51,50.6,97.52,5.09,79,98,1.7
169,Tochio,JP,2020-02-21 23:40:38,37.47,139.0,42.8,75,75,4.7
170,Guerrero Negro,MX,2020-02-21 23:40:38,27.98,-114.06,70.59,41,100,11.34
171,Hualmay,PE,2020-02-21 23:40:38,-11.1,-77.61,74.17,68,100,4.83
172,San Policarpo,PH,2020-02-21 23:40:38,12.18,125.51,77.99,81,22,16.08
173,Hutchinson,US,2020-02-21 23:40:38,38.06,-97.93,44.6,48,1,18.34
174,Katsuura,JP,2020-02-21 23:40:39,35.13,140.3,55.99,87,20,3.36
175,Mezen,RU,2020-02-21 23:40:39,65.85,44.24,31.37,84,100,19.8
176,Saint-Augustin,CA,2020-02-21 23:40:39,51.23,-58.65,0.64,87,0,14.52
177,Aguimes,ES,2020-02-21 23:40:39,27.91,-15.45,62.6,63,20,11.41
178,Goryachegorsk,RU,2020-02-21 23:40:39,55.41,88.92,17.49,91,100,2.53
179,Hasaki,JP,2020-02-21 23:40:40,35.73,140.83,48.2,93,75,2.24
180,Durango,MX,2020-02-21 23:36:42,24.83,-104.83,68.11,39,33,8.14
181,Herat,AF,2020-02-21 23:40:40,34.5,62.0,42.8,56,0,2.24
182,Goderich,CA,2020-02-21 23:39:30,43.75,-81.72,34.0,48,0,4.0
183,Lasa,IT,2020-02-21 23:38:25,46.62,10.7,32.0,47,5,5.82
184,Vila Franca Do Campo,PT,2020-02-21 23:38:14,37.72,-25.43,50.0,81,20,5.82
185,Bay-Khaak,RU,2020-02-21 23:37:58,51.17,94.5,5.63,76,100,8.7
186,Tessalit,ML,2020-02-21 23:40:41,20.2,1.01,71.24,12,49,13.2
187,Kota Kinabalu,MY,2020-02-21 23:36:24,5.97,116.07,73.0,78,20,5.82
188,Gotsu,JP,2020-02-21 23:40:41,35.0,132.22,51.8,100,75,10.29
189,Batagay,RU,2020-02-21 23:37:19,67.63,134.63,-4.9,97,100,3.53
190,Ferkessedougou,CI,2020-02-21 23:36:47,9.6,-5.2,80.49,17,26,3.02
191,Beringovskiy,RU,2020-02-21 23:40:42,63.05,179.32,-5.03,75,2,1.12
192,Saskylakh,RU,2020-02-21 23:40:42,71.92,114.08,-11.31,97,100,8.32
193,Camargo,MX,2020-02-21 23:40:42,27.67,-105.17,63.9,41,78,11.54
194,Severo-Kurilsk,RU,2020-02-21 23:40:42,50.68,156.12,17.31,89,94,25.61
195,Helong,CN,2020-02-21 23:40:43,42.54,129.0,20.97,89,63,4.16
196,Atambua,ID,2020-02-21 23:40:43,-9.11,124.89,79.97,79,74,0.74
197,Cascais,PT,2020-02-21 23:40:43,38.7,-9.42,62.01,67,0,10.29
198,Vardo,NO,2020-02-21 23:40:43,70.37,31.11,33.8,80,75,28.86
199,Tiksi,RU,2020-02-21 23:40:43,71.69,128.87,-8.28,87,97,5.53
200,Teguise,ES,2020-02-21 23:40:44,29.06,-13.56,62.6,77,20,6.93
201,Ponta Do Sol,PT,2020-02-21 23:38:20,32.67,-17.1,57.2,82,40,11.41
202,College,US,2020-02-21 23:40:44,64.86,-147.8,19.4,78,75,1.21
203,Saint Anthony,US,2020-02-21 23:40:44,45.02,-93.22,36.0,88,1,8.05
204,Victoria,HK,2020-02-21 23:39:01,22.29,114.16,64.99,82,0,2.24
205,Peniche,PT,2020-02-21 23:40:45,39.36,-9.38,62.01,93,0,2.24
206,Kiama,AU,2020-02-21 23:40:45,-34.68,150.87,71.01,64,75,6.93
207,Faanui,PF,2020-02-21 23:40:45,-16.48,-151.75,82.42,79,3,15.14
208,Bakel,SN,2020-02-21 23:40:45,14.9,-12.46,83.95,11,100,7.56
209,Te Anau,NZ,2020-02-21 23:40:46,-45.42,167.72,53.02,60,31,5.3
210,Carnarvon,AU,2020-02-21 23:39:09,-24.87,113.63,77.0,88,90,12.75
211,Ilulissat,GL,2020-02-21 23:40:46,69.22,-51.1,-7.6,52,93,4.7
212,Bilibino,RU,2020-02-21 23:37:38,68.05,166.44,-17.27,95,100,3.13
213,Sitka,US,2020-02-21 23:38:19,57.05,-135.33,37.4,80,90,13.87
214,Grindavik,IS,2020-02-21 23:40:46,63.84,-22.43,32.0,75,100,14.99
215,Sarevere,EE,2020-02-21 23:40:47,58.79,25.43,37.0,98,51,5.01
216,Kandrian,PG,2020-02-21 23:40:47,-6.22,149.55,85.57,69,100,8.86
217,Massakory,TD,2020-02-21 23:40:47,13.0,15.73,74.98,15,21,15.97
218,Ancud,CL,2020-02-21 23:40:47,-41.87,-73.82,75.2,27,0,5.82
219,Bundaberg,AU,2020-02-21 23:40:48,-24.85,152.35,86.0,61,74,17.22
220,Axim,GH,2020-02-21 23:40:48,4.87,-2.24,78.57,89,93,3.85
221,Shelton,US,2020-02-21 23:39:01,41.32,-73.09,32.0,32,1,3.36
222,Geraldton,AU,2020-02-21 23:38:56,-28.77,114.6,69.8,94,40,18.34
223,Ponta Delgada,PT,2020-02-21 23:38:24,37.73,-25.67,50.0,81,20,5.82
224,Tautira,PF,2020-02-21 23:40:49,-17.73,-149.15,87.8,62,20,5.82
225,Port Macquarie,AU,2020-02-21 23:40:49,-31.43,152.92,73.99,94,90,6.93
226,Cayenne,GF,2020-02-21 23:39:46,4.93,-52.33,80.6,78,74,4.7
227,Abha,SA,2020-02-21 23:40:50,18.22,42.51,59.0,82,100,6.93
228,Gallup,US,2020-02-21 23:36:03,35.53,-108.74,59.0,30,1,5.82
229,Dobryanka,RU,2020-02-21 23:40:50,58.46,56.42,30.2,100,20,8.95
230,Bengkulu,ID,2020-02-21 23:40:50,-3.8,102.27,74.16,86,2,3.6
231,Benghazi,LY,2020-02-21 23:38:59,32.12,20.07,56.68,61,64,16.67
232,Alofi,NU,2020-02-21 23:40:51,-19.06,-169.92,84.2,79,75,9.17
233,Pasni,PK,2020-02-21 23:40:51,25.26,63.47,64.58,41,0,1.7
234,Boma,GH,2020-02-21 23:40:52,7.08,-2.17,74.95,81,34,2.46
235,Penzance,GB,2020-02-21 23:40:52,50.12,-5.54,51.01,81,10,33.33
236,Souillac,MU,2020-02-21 23:40:52,-20.52,57.52,77.0,73,40,4.7
237,Bodden Town,KY,2020-02-21 23:40:52,19.28,-81.25,82.4,74,40,6.93
238,Acapulco,MX,2020-02-21 23:37:07,16.86,-99.89,84.2,74,20,10.29
239,Haines Junction,CA,2020-02-21 23:40:53,60.75,-137.51,20.43,86,84,13.22
240,Lebu,CL,2020-02-21 23:40:53,-37.62,-73.65,57.56,85,0,2.39
241,Bijar,IR,2020-02-21 23:40:53,35.87,47.61,31.5,88,99,2.73
242,Belmonte,BR,2020-02-21 23:40:53,-15.86,-38.88,82.4,78,8,9.17
243,Clyde River,CA,2020-02-21 23:37:20,70.47,-68.59,-22.0,82,5,5.82
244,Maumere,ID,2020-02-21 23:40:53,-8.62,122.21,79.59,80,84,5.64
245,Yar-Sale,RU,2020-02-21 23:40:54,66.83,70.83,3.92,84,0,8.5
246,Rheinbach,DE,2020-02-21 23:40:54,50.63,6.95,46.0,75,53,5.82
247,Pevek,RU,2020-02-21 23:40:54,69.7,170.31,-8.99,97,100,12.95
248,Jalu,LY,2020-02-21 23:40:55,29.03,21.55,53.69,57,3,7.94
249,Touros,BR,2020-02-21 23:40:55,-5.2,-35.46,80.6,88,20,6.93
250,Pyay,MM,2020-02-21 23:40:55,18.82,95.22,64.15,43,0,2.19
251,Payo,ID,2020-02-21 23:40:55,-3.75,103.64,68.4,96,86,1.66
252,Vangaindrano,MG,2020-02-21 23:40:55,-23.35,47.6,72.59,98,100,4.59
253,Ushtobe,KZ,2020-02-21 23:40:56,45.25,77.98,34.25,60,100,3.47
254,Jacareacanga,BR,2020-02-21 23:40:56,-6.22,-57.75,72.5,95,100,1.14
255,Dyurtyuli,RU,2020-02-21 23:40:56,55.49,54.87,25.41,95,100,5.28
256,Komsomolskiy,UZ,2020-02-21 23:38:06,40.43,71.72,41.0,60,82,6.93
257,Lukiv,UA,2020-02-21 23:40:56,51.05,25.4,36.7,97,100,3.85
258,Bonthe,SL,2020-02-21 23:40:57,7.53,-12.51,79.84,85,61,4.79
259,Gulf Gate Estates,US,2020-02-21 23:40:57,27.25,-82.51,55.99,71,90,17.22
260,Lompoc,US,2020-02-21 23:40:57,34.64,-120.46,73.4,26,1,13.87
261,Antofagasta,CL,2020-02-21 23:36:31,-23.65,-70.4,69.8,73,75,9.17
262,Rusne,LT,2020-02-21 23:40:58,55.3,21.38,39.2,80,50,11.18
263,Sabzevar,IR,2020-02-21 23:40:58,36.21,57.68,44.46,70,0,4.97
264,Biharia,RO,2020-02-21 23:40:58,47.15,21.92,34.0,100,78,1.12
265,Port-Gentil,GA,2020-02-21 23:40:58,-0.72,8.78,78.8,100,20,10.4
266,Polis,CY,2020-02-21 23:40:58,35.04,32.43,48.2,93,75,3.36
267,Esperance,AU,2020-02-21 23:40:59,-33.87,121.9,64.4,68,100,17.22
268,Castro,BR,2020-02-21 23:40:59,-24.79,-50.01,64.69,99,17,8.55
269,Shwebo,MM,2020-02-21 23:40:59,22.57,95.7,62.65,44,0,5.7
270,Manzhouli,CN,2020-02-21 23:40:59,49.6,117.43,2.03,93,0,8.16
271,Saint-Pierre,RE,2020-02-21 23:41:00,-21.34,55.48,77.0,73,90,4.7
272,Airai,TL,2020-02-21 23:41:00,-8.93,125.41,76.08,70,75,1.99
273,Sangar,RU,2020-02-21 23:41:01,63.92,127.47,-6.74,95,100,8.3
274,Adrar,MR,2020-02-21 23:41:01,20.5,-10.07,74.84,11,0,10.54
275,Oyon,PE,2020-02-21 23:41:02,-10.67,-76.77,43.47,90,100,4.16
276,Ahipara,NZ,2020-02-21 23:41:02,-35.17,173.17,71.58,85,100,9.17
277,Naze,JP,2020-02-21 23:38:19,28.37,129.48,64.4,77,75,3.36
278,Sinnamary,GF,2020-02-21 23:41:03,5.38,-52.95,78.84,82,23,10.63
279,Daru,PG,2020-02-21 23:41:03,-9.08,143.21,86.09,67,83,10.4
280,Lodja,CD,2020-02-21 23:41:03,-3.48,23.43,72.37,88,86,0.54
281,Mecca,SA,2020-02-21 23:39:30,21.43,39.83,64.76,46,0,1.92
282,Simao,CN,2020-02-21 23:41:04,22.79,100.97,51.3,96,0,3.09
283,Bambous Virieux,MU,2020-02-21 23:41:04,-20.34,57.76,77.0,73,40,4.7
284,Kedrovyy,RU,2020-02-21 23:41:04,56.17,91.82,21.2,92,40,4.47
285,Ocos,GT,2020-02-21 23:41:04,14.51,-92.19,89.6,49,20,9.17
286,Saint George,US,2020-02-21 23:37:58,37.1,-113.58,66.2,14,1,4.7
287,Meulaboh,ID,2020-02-21 23:41:05,4.14,96.13,80.64,73,4,8.37
288,Aksarka,RU,2020-02-21 23:41:05,66.56,67.8,2.79,85,0,11.25
289,Ilinskoye-Khovanskoye,RU,2020-02-21 23:41:05,56.97,39.77,33.8,80,96,8.95
290,Nuevo Progreso,MX,2020-02-21 23:41:06,23.17,-97.95,64.0,62,88,8.01
291,Klaksvik,FO,2020-02-21 23:41:06,62.23,-6.59,41.0,52,33,14.99
292,Laukaa,RU,2020-02-21 23:41:06,58.74,29.85,35.11,91,100,10.09
293,Krasnoarmeysk,RU,2020-02-21 23:41:06,51.02,45.7,32.0,77,100,1.01
294,Havoysund,NO,2020-02-21 23:41:07,71.0,24.66,33.8,69,63,35.57
295,Bonavista,CA,2020-02-21 23:41:07,48.65,-53.11,15.01,69,54,14.0
296,Port Lincoln,AU,2020-02-21 23:41:07,-34.73,135.87,65.93,67,77,11.39
297,Lata,PT,2020-02-21 23:38:18,40.16,-8.33,62.01,93,0,2.24
298,Arraial Do Cabo,BR,2020-02-21 23:41:07,-22.97,-42.03,78.8,94,40,5.82
299,Lacolle,CA,2020-02-21 23:41:07,45.08,-73.37,27.0,57,1,9.17
300,Gazli,UZ,2020-02-21 23:41:08,40.13,63.45,40.33,88,58,8.7
301,Salalah,OM,2020-02-21 23:38:20,17.02,54.09,77.0,73,75,5.82
302,Vestmanna,FO,2020-02-21 23:41:08,62.16,-7.17,41.0,52,37,14.99
303,Shingu,JP,2020-02-21 23:41:08,33.73,135.98,55.4,82,75,17.22
304,Kortkeros,RU,2020-02-21 23:41:08,61.81,51.58,23.0,100,100,4.47
305,Leningradskiy,RU,2020-02-21 23:38:31,69.38,178.42,-8.72,92,100,21.12
306,Alacaygan,PH,2020-02-21 23:41:09,10.84,123.06,78.24,80,65,24.0
307,Brandon,US,2020-02-21 23:41:09,27.94,-82.29,52.0,81,90,11.41
308,Kavieng,PG,2020-02-21 23:37:53,-2.57,150.8,84.51,73,21,8.97
309,Caraguatay,AR,2020-02-21 23:41:10,-26.61,-54.78,68.86,36,0,7.29
310,Udachnyy,RU,2020-02-21 23:41:10,66.42,112.4,-7.6,83,100,4.47
311,Eydhafushi,MV,2020-02-21 23:41:10,5.1,73.07,82.62,80,62,19.15
312,Deputatskiy,RU,2020-02-21 23:41:10,69.3,139.9,-4.83,99,100,1.07
313,Labytnangi,RU,2020-02-21 23:41:11,66.66,66.42,4.62,79,17,8.79
314,Atkinson,US,2020-02-21 23:41:11,42.84,-71.15,30.2,28,1,6.93
315,Ugoofaaru,MV,2020-02-21 23:41:11,5.67,73.0,82.62,78,69,16.02
316,Banda Aceh,ID,2020-02-21 23:36:24,5.56,95.32,72.7,89,14,4.92
317,Vadso,NO,2020-02-21 23:41:12,70.07,29.75,33.8,80,75,28.86
318,Lac-Megantic,CA,2020-02-21 23:41:12,45.58,-70.88,21.2,48,1,5.82
319,Thinadhoo,MV,2020-02-21 23:41:12,0.53,72.93,82.83,80,99,10.67
320,Sobolevo,RU,2020-02-21 23:41:12,54.43,31.9,31.73,90,26,7.7
321,Falmouth,GB,2020-02-21 23:41:12,50.15,-5.07,51.01,81,11,33.33
322,Flagstaff,US,2020-02-21 23:41:12,35.2,-111.65,68.0,26,1,12.75
323,Nha Trang,VN,2020-02-21 23:40:49,12.25,109.18,77.0,73,40,19.46
324,Grand-Lahou,CI,2020-02-21 23:41:13,5.14,-5.02,82.83,85,90,12.44
325,Wanning,CN,2020-02-21 23:37:22,18.8,110.4,68.58,82,84,8.43
326,Shelburne,CA,2020-02-21 23:41:13,44.08,-80.2,30.2,53,20,10.29
327,Sao Joao Da Barra,BR,2020-02-21 23:37:40,-21.64,-41.05,80.6,83,40,6.93
328,Olinda,BR,2020-02-21 23:36:30,-8.01,-34.86,84.2,79,40,6.93
329,Sola,VU,2020-02-21 23:41:14,-13.88,167.55,87.8,70,75,5.82
330,Guisijan,PH,2020-02-21 23:41:14,11.09,122.05,77.86,72,44,0.76
331,Coquimbo,CL,2020-02-21 23:39:12,-29.95,-71.34,62.6,82,75,8.05
332,Beyneu,KZ,2020-02-21 23:41:14,45.32,55.2,33.19,90,49,3.8
333,Riverton,US,2020-02-21 23:40:57,40.52,-111.94,44.6,56,1,6.93
334,Luwuk,ID,2020-02-21 23:38:09,-0.95,122.79,81.09,76,72,6.53
335,Kortemark,BE,2020-02-21 23:41:15,51.02,3.0,48.99,76,99,20.8
336,Itarema,BR,2020-02-21 23:41:15,-2.92,-39.92,75.25,94,96,1.72
337,Masuguru,TZ,2020-02-21 23:41:15,-11.37,38.42,74.97,98,100,0.69
338,Tres De Maio,BR,2020-02-21 23:41:15,-27.77,-54.24,63.0,67,0,6.93
339,Ambon,ID,2020-02-21 23:38:10,-3.7,128.18,86.0,66,20,11.41
340,Fairbanks,US,2020-02-21 23:41:16,64.84,-147.72,18.0,78,75,2.13
341,Taoudenni,ML,2020-02-21 23:41:16,22.68,-3.98,72.73,12,0,8.14
342,Yumen,CN,2020-02-21 23:37:39,40.28,97.2,24.1,44,51,5.23
343,Kosa,RU,2020-02-21 23:41:16,59.94,55.0,21.83,93,91,5.32
344,Hambantota,LK,2020-02-21 23:41:17,6.12,81.12,81.0,79,100,22.66
345,Rawson,AR,2020-02-21 23:41:17,-43.3,-65.1,58.64,65,0,9.8
346,Inuvik,CA,2020-02-21 23:41:17,68.35,-133.72,3.2,84,90,5.82
347,Berlevag,NO,2020-02-21 23:41:17,70.86,29.09,24.8,100,33,32.21
348,Serro,BR,2020-02-21 23:41:18,-18.6,-43.38,66.85,90,92,1.57
349,Srednekolymsk,RU,2020-02-21 23:41:18,67.45,153.68,-14.62,96,88,2.44
350,Mormugao,IN,2020-02-21 23:41:18,15.4,73.8,68.77,38,33,4.03
351,Vicuna,CL,2020-02-21 23:41:18,-30.03,-70.71,62.6,82,75,8.05
352,Riyadh,SA,2020-02-21 23:38:20,24.69,46.72,59.0,47,0,3.36
353,Severo-Yeniseyskiy,RU,2020-02-21 23:41:19,60.37,93.04,11.32,96,79,3.62
354,Indramayu,ID,2020-02-21 23:41:19,-6.33,108.32,79.54,82,44,9.66
355,Qaqortoq,GL,2020-02-21 23:41:19,60.72,-46.03,21.2,67,63,2.24
356,Atbasar,KZ,2020-02-21 23:41:19,51.8,68.33,13.95,97,92,8.63
357,Road Town,VG,2020-02-21 23:41:19,18.42,-64.62,77.0,73,20,5.82
358,Tabou,CI,2020-02-21 23:41:20,4.42,-7.35,77.47,92,100,3.38
359,Tocopilla,CL,2020-02-21 23:41:20,-22.09,-70.2,61.32,63,0,4.18
360,Priyutnoye,RU,2020-02-21 23:41:20,46.1,43.51,33.01,10,78,11.01
361,Fort Nelson,CA,2020-02-21 23:41:20,58.81,-122.7,41.0,41,75,5.82
362,Toamasina,MG,2020-02-21 23:36:53,-18.17,49.38,75.2,94,75,3.2
363,Chuy,UY,2020-02-21 23:41:20,-33.7,-53.46,59.61,63,62,12.39
364,Ostrovnoy,RU,2020-02-21 23:41:21,68.05,39.51,30.58,84,100,29.17
365,Filingue,NE,2020-02-21 23:41:21,14.35,3.32,75.29,12,19,11.95
366,Dingle,PH,2020-02-21 23:41:21,11.0,122.67,73.18,89,68,13.71
367,Mildura,AU,2020-02-21 23:41:21,-34.2,142.15,68.0,48,0,10.29
368,Shenjiamen,CN,2020-02-21 23:41:21,29.96,122.3,50.83,82,69,14.23
369,Hay River,CA,2020-02-21 23:41:21,60.82,-115.8,37.4,51,40,10.29
370,Ostersund,SE,2020-02-21 23:41:22,63.18,14.64,34.0,65,75,2.24
371,Muisne,EC,2020-02-21 23:40:04,0.6,-80.03,82.4,83,75,2.24
372,San Lawrenz,MT,2020-02-21 23:41:22,36.06,14.2,55.0,87,20,9.17
373,Praya,CV,2020-02-21 23:41:22,14.92,-23.51,69.8,73,20,19.46
374,Paamiut,GL,2020-02-21 23:37:56,61.99,-49.67,8.98,69,47,5.28
375,Wahiawa,US,2020-02-21 23:41:23,21.5,-158.02,82.4,65,40,13.87
376,Honiara,SB,2020-02-21 23:39:21,-9.43,159.95,89.6,66,40,4.7
377,Lieksa,FI,2020-02-21 23:41:23,63.32,30.02,32.2,85,90,16.69
378,Sao Felix Do Xingu,BR,2020-02-21 23:41:23,-6.64,-51.99,71.46,99,100,1.68
379,Shirokiy,RU,2020-02-21 23:41:23,49.76,129.52,1.51,88,100,7.11
380,Hunfeld,DE,2020-02-21 23:41:23,50.68,9.77,43.0,90,75,9.17
381,Sept-Iles,CA,2020-02-21 23:41:24,50.2,-66.38,17.6,67,75,14.99
382,Filadelfia,US,2020-02-21 23:37:42,39.95,-75.16,33.01,21,1,3.36
383,Virginia Beach,US,2020-02-21 23:40:59,36.85,-75.98,34.0,63,20,10.29
384,Umm Lajj,SA,2020-02-21 23:41:24,25.02,37.27,61.45,45,0,5.79
385,Machiques,VE,2020-02-21 23:41:24,10.06,-72.55,84.85,53,89,10.51
386,Kaifeng,CN,2020-02-21 23:41:25,34.79,114.35,35.6,59,0,2.24
387,Zdvinsk,RU,2020-02-21 23:41:25,54.7,78.66,17.65,97,100,2.75
388,Imbituba,BR,2020-02-21 23:41:22,-28.24,-48.67,69.8,73,75,9.17
389,San,ML,2020-02-21 23:41:25,13.3,-4.9,80.96,10,48,11.72
390,Ust-Tsilma,RU,2020-02-21 23:41:25,65.44,52.15,20.05,88,100,9.71
391,Mareeba,AU,2020-02-21 23:41:26,-17.0,145.43,79.0,94,40,3.36
392,Tukrah,LY,2020-02-21 23:41:26,32.53,20.58,54.66,63,79,14.79
393,Liuzhou,CN,2020-02-21 23:41:26,24.31,109.39,56.46,83,89,3.51
394,Gambo,CF,2020-02-21 23:41:26,4.65,22.26,73.51,35,10,3.04
395,Teya,RU,2020-02-21 23:41:26,60.38,92.63,12.79,96,89,3.11
396,Aktanysh,RU,2020-02-21 23:41:26,55.72,54.08,25.9,88,95,5.75
397,Cairns,AU,2020-02-21 23:36:52,-16.92,145.77,79.0,94,40,3.36
398,Worland,US,2020-02-21 23:41:27,44.02,-107.96,35.6,47,1,8.05
399,Griffith,US,2020-02-21 23:41:27,41.53,-87.42,35.01,32,1,13.87
400,Avera,US,2020-02-21 23:38:23,33.19,-82.53,46.4,42,1,5.82
401,Ouesso,CG,2020-02-21 23:41:28,1.61,16.05,80.4,51,96,1.97
402,Sakakah,SA,2020-02-21 23:41:28,29.97,40.21,51.8,53,17,12.75
403,Dubrovka,RU,2020-02-21 23:41:28,53.69,33.51,31.68,89,49,4.88
404,Jumla,NP,2020-02-21 23:41:28,29.27,82.18,25.16,76,80,4.68
405,Finschhafen,PG,2020-02-21 23:41:28,-6.6,147.87,82.67,82,100,20.09
406,Ixtapa,MX,2020-02-21 23:38:50,20.7,-105.2,78.8,74,20,8.05
407,Goragorskiy,RU,2020-02-21 23:41:29,43.5,45.08,35.6,93,90,6.71
408,Loa Janan,ID,2020-02-21 23:41:29,-0.58,117.09,78.1,78,40,6.02
409,Ciro Marina,IT,2020-02-21 23:41:29,39.37,17.13,51.93,64,0,17.07
410,Araouane,ML,2020-02-21 23:41:29,18.9,-3.53,80.38,10,90,8.66
411,Mahanoro,MG,2020-02-21 23:41:29,-19.9,48.8,80.46,77,82,12.28
412,Byron Bay,AU,2020-02-21 23:41:28,-28.65,153.62,77.0,65,75,11.41
413,Ballinasloe,IE,2020-02-21 23:41:30,53.33,-8.22,48.85,84,100,24.65
414,Yulara,AU,2020-02-21 23:41:30,-25.24,130.99,80.6,24,9,16.11
415,Talnakh,RU,2020-02-21 23:38:07,69.49,88.4,12.2,85,100,11.18
416,London,GB,2020-02-21 23:39:47,51.51,-0.13,50.0,71,58,23.04
417,Port Hueneme,US,2020-02-21 23:41:30,34.15,-119.2,75.0,68,1,11.41
418,Sampit,ID,2020-02-21 23:41:31,-2.53,112.95,77.43,92,72,2.24
419,Yining,CN,2020-02-21 23:37:40,29.04,114.56,45.14,92,0,1.1
420,Port Hardy,CA,2020-02-21 23:41:31,50.7,-127.42,42.8,87,90,9.17
421,Dalkola,IN,2020-02-21 23:39:17,25.85,87.85,68.38,45,90,5.88
422,Psebay,RU,2020-02-21 23:41:31,44.12,40.81,33.75,70,45,3.44
423,Montale,IT,2020-02-21 23:41:32,43.94,11.02,44.01,93,81,1.12
424,Alugan,PH,2020-02-21 23:41:32,12.22,125.48,77.99,81,22,16.08
425,Pacific Grove,US,2020-02-21 23:41:32,36.62,-121.92,70.0,42,1,5.82
426,Laurel,US,2020-02-21 23:39:05,39.1,-76.85,35.6,22,1,3.36
427,Malyye Derbety,RU,2020-02-21 23:41:32,47.95,44.68,31.64,96,100,8.19
428,Pelym,RU,2020-02-21 23:41:33,61.01,62.0,9.73,89,40,3.69
429,Udomlya,RU,2020-02-21 23:41:33,57.88,34.99,31.48,91,15,9.98
430,Rio Gallegos,AR,2020-02-21 23:41:33,-51.62,-69.22,64.63,56,77,7.83
431,Santa Cruz,BO,2020-02-21 23:41:33,-17.8,-63.17,73.4,83,75,19.46
432,Pemberton,CA,2020-02-21 23:39:04,50.32,-122.8,42.8,48,90,4.7
433,Conceicao Do Araguaia,BR,2020-02-21 23:41:34,-8.26,-49.26,72.99,93,100,2.75
434,Labuhan,ID,2020-02-21 23:41:34,-6.88,112.21,76.68,90,46,3.69
435,Gat,IL,2020-02-21 23:38:05,31.61,34.76,57.2,82,20,11.41
436,Itumbiara,BR,2020-02-21 23:40:38,-18.42,-49.22,74.79,88,97,1.23
437,Wilmington,US,2020-02-21 23:39:05,34.23,-77.94,34.0,59,1,10.29
438,Tuatapere,NZ,2020-02-21 23:38:08,-46.13,167.68,54.0,76,82,14.0
439,Cabinda,AO,2020-02-21 23:41:35,-5.55,12.2,84.25,83,100,14.14
440,Karratha,AU,2020-02-21 23:41:35,-20.74,116.85,81.88,78,60,10.58
441,Majene,ID,2020-02-21 23:41:35,-3.54,118.97,79.38,81,97,2.71
442,Bavly,RU,2020-02-21 23:41:35,54.39,53.26,30.88,91,100,3.42
443,Zanjan,IR,2020-02-21 23:38:37,36.67,48.48,28.87,87,81,5.21
444,Chernyshevskiy,RU,2020-02-21 23:41:36,63.01,112.47,-2.79,94,94,2.8
445,Nome,US,2020-02-21 23:41:36,64.5,-165.41,-2.0,58,1,5.57
446,Saint Stephen,GB,2020-02-21 23:41:36,50.33,-4.9,51.01,76,64,24.16
447,Bulgan,MN,2020-02-21 23:41:36,48.81,103.53,5.22,70,63,3.2
448,Tinaquillo,VE,2020-02-21 23:41:36,9.92,-68.3,67.21,93,73,5.28
449,Ndola,ZM,2020-02-21 23:41:37,-12.96,28.64,66.74,95,100,3.04
450,Anaco,VE,2020-02-21 23:41:37,9.44,-64.47,79.92,61,87,3.4
451,Igarka,RU,2020-02-21 23:41:37,67.47,86.58,14.94,95,100,6.76
452,Potsdam,DE,2020-02-21 23:41:02,52.4,13.07,45.0,75,75,11.41
453,Kieta,PG,2020-02-21 23:41:37,-6.22,155.63,84.78,64,0,5.95
454,Cozumel,MX,2020-02-21 23:38:07,20.51,-86.95,82.4,69,40,14.99
455,Wajima,JP,2020-02-21 23:41:38,37.4,136.9,46.4,70,100,5.82
456,Taiyuan,CN,2020-02-21 23:41:38,37.87,112.56,19.4,48,0,4.47
457,Trairi,BR,2020-02-21 23:41:38,-3.28,-39.27,74.86,92,100,0.85
458,Nabire,ID,2020-02-21 23:41:38,-3.37,135.48,81.59,76,100,0.98
459,Atar,MR,2020-02-21 23:41:39,20.52,-13.05,67.91,15,0,2.64
460,Vertientes,CU,2020-02-21 23:41:39,21.26,-78.15,82.4,61,20,12.75
461,Lerwick,GB,2020-02-21 23:41:39,60.15,-1.15,42.8,86,96,27.51
462,Flinders,AU,2020-02-21 23:41:39,-34.58,150.86,71.01,64,75,6.93
463,Bar Harbor,US,2020-02-21 23:39:31,44.39,-68.2,24.01,53,1,9.17
464,Belaya Gora,RU,2020-02-21 23:41:40,68.53,146.42,-12.03,88,97,2.06
465,Nishihara,JP,2020-02-21 23:37:53,26.18,127.76,64.4,88,20,2.24
466,Rorvik,NO,2020-02-21 23:41:40,64.86,11.24,42.78,64,99,39.1
467,Marawi,PH,2020-02-21 23:41:40,8.0,124.29,72.0,73,0,5.01
468,Kutum,SD,2020-02-21 23:41:40,14.2,24.67,54.07,24,9,3.0
469,Amatitan,MX,2020-02-21 23:41:41,20.83,-103.72,82.4,24,40,6.93
470,Codrington,AU,2020-02-21 23:41:41,-38.27,141.97,59.38,68,73,11.05
471,Veraval,IN,2020-02-21 23:41:41,20.9,70.37,70.84,22,84,14.12
472,Zambrow,PL,2020-02-21 23:41:41,52.99,22.24,36.0,92,18,7.81
473,Trincomalee,LK,2020-02-21 23:41:41,8.57,81.23,73.69,95,100,4.47
474,Mpika,ZM,2020-02-21 23:41:42,-11.83,31.45,63.88,96,100,2.77
475,Hanzhong,CN,2020-02-21 23:36:56,33.07,107.03,40.41,70,0,0.94
476,Svetlogorsk,BY,2020-02-21 23:41:42,52.63,29.73,32.94,93,58,6.89
477,Campbell River,CA,2020-02-21 23:40:33,50.02,-125.24,42.8,80,90,3.36
478,Tiznit,MA,2020-02-21 23:38:25,29.58,-9.5,60.84,19,0,20.94
479,Esfarayen,IR,2020-02-21 23:41:43,37.08,57.51,30.2,100,0,3.89
480,Balkanabat,TM,2020-02-21 23:41:43,39.51,54.37,38.93,75,27,4.45
481,Najran,SA,2020-02-21 23:41:35,17.49,44.13,62.6,36,38,1.81
482,Evensk,RU,2020-02-21 23:41:43,61.95,159.23,-14.55,71,7,1.07
483,Luganville,VU,2020-02-21 23:41:43,-15.53,167.17,86.0,70,40,11.41
484,Pisco,PE,2020-02-21 23:38:55,-13.7,-76.22,75.0,30,75,13.87
485,Boden,SE,2020-02-21 23:41:44,65.83,21.69,33.8,88,75,14.99
486,Northam,GB,2020-02-21 23:37:22,51.03,-4.22,50.0,76,40,23.04
487,Pangnirtung,CA,2020-02-21 23:41:44,66.15,-65.71,-34.6,65,20,4.7
488,Birjand,IR,2020-02-21 23:41:44,32.87,59.22,39.2,51,0,6.93
489,Brae,GB,2020-02-21 23:41:45,60.4,-1.35,42.8,75,83,26.4
490,Harper,LR,2020-02-21 23:41:45,4.38,-7.72,77.47,92,100,3.38
491,Bjerkvik,NO,2020-02-21 23:41:45,68.56,17.52,41.0,60,98,33.33
492,Dublin,US,2020-02-21 23:41:15,37.7,-121.94,73.0,26,1,5.82
493,Mumford,GH,2020-02-21 23:41:45,5.26,-0.76,79.92,82,28,4.09
494,Basco,PH,2020-02-21 23:41:46,20.45,121.97,73.74,77,17,21.43
495,Selma,US,2020-02-21 23:41:46,36.57,-119.61,71.6,34,1,4.7
496,Tarrega,ES,2020-02-21 23:41:46,41.65,1.14,50.0,93,0,5.82
497,Mayumba,GA,2020-02-21 23:41:46,-3.43,10.66,84.11,79,100,5.61
498,Megion,RU,2020-02-21 23:41:46,61.03,76.11,26.6,86,90,11.18
499,Mitu,CO,2020-02-21 23:41:46,1.2,-70.17,79.27,74,85,1.9
500,Kamiiso,JP,2020-02-21 23:41:47,41.82,140.65,37.4,86,75,12.75
501,Wewak,PG,2020-02-21 23:41:47,-3.55,143.63,80.49,77,100,4.18
502,Ayagoz,KZ,2020-02-21 23:41:47,47.97,80.44,21.51,67,100,2.48
503,Karpathos,GR,2020-02-21 23:39:05,35.51,27.21,53.6,66,28,21.92
504,Prince George,CA,2020-02-21 23:39:01,53.92,-122.75,43.0,41,20,19.46
505,Telma,RU,2020-02-21 23:41:48,52.7,103.71,6.8,77,100,2.24
506,Hirara,JP,2020-02-21 23:41:48,24.8,125.28,66.2,82,20,4.7
507,Solnechnyy,RU,2020-02-21 23:41:48,50.72,136.63,7.12,85,100,1.01
508,Asyut,EG,2020-02-21 23:41:48,27.18,31.18,49.23,64,0,6.91
509,Goksun,TR,2020-02-21 23:41:48,38.02,36.5,46.4,93,75,4.7
510,Hue,VN,2020-02-21 23:41:49,16.47,107.6,68.0,94,75,3.36
511,Zvishavane,ZW,2020-02-21 23:37:55,-20.33,30.07,68.04,95,69,4.0
512,Ostrow Mazowiecka,PL,2020-02-21 23:41:49,52.8,21.9,32.0,56,18,7.81
513,Brigantine,US,2020-02-21 23:41:49,39.41,-74.36,32.0,39,1,1.79
514,Pagudpud,PH,2020-02-21 23:41:49,18.56,120.79,62.6,93,20,1.12
515,Oros,BR,2020-02-21 23:41:50,-6.24,-38.91,76.01,89,99,0.69
516,Grand Gaube,MU,2020-02-21 23:41:50,-20.01,57.66,77.0,73,40,4.7
517,Popondetta,PG,2020-02-21 23:41:50,-8.75,148.25,83.98,67,100,3.42
518,Samarai,PG,2020-02-21 23:38:09,-10.62,150.67,86.05,63,95,3.69
519,Makakilo City,US,2020-02-21 23:37:22,21.35,-158.09,82.4,42,40,19.46
520,Ghanzi,BW,2020-02-21 23:41:51,-21.57,21.78,69.78,71,100,4.81
521,Tpig,RU,2020-02-21 23:41:51,41.78,47.59,24.1,60,89,5.86
522,Skaudvile,LT,2020-02-21 23:41:51,55.42,22.62,37.6,93,50,12.71
523,Berdigestyakh,RU,2020-02-21 23:41:51,62.1,126.7,-3.37,99,93,2.3
524,Youkounkoun,GN,2020-02-21 23:41:51,12.53,-13.13,83.28,15,56,7.18
525,Flin Flon,CA,2020-02-21 23:41:52,54.77,-101.86,41.0,38,75,6.93
526,Kozachi Laheri,UA,2020-02-21 23:41:52,46.7,32.98,35.01,88,100,7.96
527,Baruun-Urt,MN,2020-02-21 23:41:52,46.68,113.28,1.83,83,0,9.13
528,Chany,RU,2020-02-21 23:41:52,55.31,76.76,25.38,96,99,5.97
529,Vallenar,CL,2020-02-21 23:41:52,-28.57,-70.76,59.13,90,0,5.3
530,Thomaston,US,2020-02-21 23:41:53,32.89,-84.33,48.2,56,1,6.93
531,Tarakan,ID,2020-02-21 23:41:53,3.3,117.63,76.84,80,14,8.41
532,Humaita,BR,2020-02-21 23:41:53,-7.51,-63.02,76.37,89,91,2.64
533,Huicheng,CN,2020-02-21 23:41:53,23.04,116.29,55.4,100,0,2.24
534,Quatre Cocos,MU,2020-02-21 23:41:53,-20.21,57.76,77.0,73,40,4.7
535,Vostok,RU,2020-02-21 23:38:06,46.49,135.88,22.17,95,100,4.0
536,Ishigaki,JP,2020-02-21 23:41:54,24.34,124.16,62.6,100,20,2.24
537,Mahon,ES,2020-02-21 23:37:48,39.89,4.27,48.2,93,16,6.93
538,Iwanai,JP,2020-02-21 23:41:54,42.97,140.51,32.9,80,100,12.26
539,Havelock,US,2020-02-21 23:41:54,34.88,-76.9,34.0,59,20,11.41
540,Sayula,MX,2020-02-21 23:41:55,19.87,-103.62,80.6,74,20,11.41
541,Jay,US,2020-02-21 23:41:55,44.5,-70.22,21.2,44,1,5.82
542,Ziro,IN,2020-02-21 23:41:55,27.63,93.83,51.51,73,92,4.29
543,Waltershausen,DE,2020-02-21 23:41:55,50.9,10.57,43.0,82,75,13.87
544,Bafq,IR,2020-02-21 23:41:55,31.61,55.41,53.38,43,0,4.65
545,Husavik,IS,2020-02-21 23:41:56,66.04,-17.34,28.85,96,100,22.46
546,Osmaniye,TR,2020-02-21 23:41:56,37.07,36.25,48.99,92,99,7.0
547,Isangel,VU,2020-02-21 23:41:56,-19.55,169.27,86.0,70,75,5.82
548,Necochea,AR,2020-02-21 23:41:56,-38.55,-58.74,57.99,70,28,11.99
549,Kuryk,KZ,2020-02-21 23:41:57,43.2,51.65,42.35,61,2,7.96
550,Gigmoto,PH,2020-02-21 23:41:57,13.78,124.39,78.22,78,43,24.09
551,Mantenopolis,BR,2020-02-21 23:41:57,-18.86,-41.12,72.41,89,3,4.61
552,La Ronge,CA,2020-02-21 23:41:57,55.1,-105.28,41.0,41,20,9.17
